,_type,url,date,content,renderedContent,id,user,replyCount,retweetCount,likeCount,quoteCount,conversationId,lang,source,sourceUrl,sourceLabel,outlinks,tcooutlinks,media,retweetedTweet,quotedTweet,inReplyToTweetId,inReplyToUser,mentionedUsers,coordinates,place,hashtags,cashtags,cleanText,translatedText,vaderSentiment,subjectivity,usernames,mentions,event,es_date,user_username,user_id,user_displayname,user_description,user_rawDescription,user_descriptionUrls,user_verified,user_created,user_followersCount,user_friendsCount,user_statusesCount,user_favouritesCount,user_listedCount,user_mediaCount,user_location,user_protected,user_linkUrl,user_linkTcourl,user_profileImageUrl,user_profileBannerUrl,user_url
0,snscrape.modules.twitter.Tweet,https://twitter.com/ragini_gupta27/status/1562412324685750272,2022-08-24 12:11:41+00:00,"@Apple @AppleSupport 
I bought the original apple case for Iphone and itâ€™s all broken &amp; rubber is peeling off in 10 months itself. Such a bad quality product apple is selling for higher cost https://t.co/CNmUp4oMPg","@Apple @AppleSupport 
I bought the original apple case for Iphone and itâ€™s all broken &amp; rubber is peeling off in 10 months itself. Such a bad quality product apple is selling for higher cost https://t.co/CNmUp4oMPg",1562412324685750272,"{'_type': 'snscrape.modules.twitter.User', 'username': 'ragini_gupta27', 'id': 3129949442, 'displayname': 'ragini gupta', 'description': '', 'rawDescription': '', 'descriptionUrls': None, 'verified': False, 'created': '2015-04-02T10:56:08+00:00', 'followersCount': 22, 'friendsCount': 76, 'statusesCount': 266, 'favouritesCount': 8, 'listedCount': 0, 'mediaCount': 16, 'location': '', 'protected': False, 'linkUrl': None, 'linkTcourl': None, 'profileImageUrl': 'https://abs.twimg.com/sticky/default_profile_images/default_profile_normal.png', 'profileBannerUrl': None, 'url': 'https://twitter.com/ragini_gupta27'}",0,0,0,0,1562412324685750272,en,Twitter Web App,https://mobile.twitter.com,Twitter Web App,,,"[{'_type': 'snscrape.modules.twitter.Photo', 'previewUrl': 'https://pbs.twimg.com/media/Fa7Nrk7XoAAWLO_?format=jpg&name=small', 'fullUrl': 'https://pbs.twimg.com/media/Fa7Nrk7XoAAWLO_?format=jpg&name=large'}, {'_type': 'snscrape.modules.twitter.Photo', 'previewUrl': 'https://pbs.twimg.com/media/Fa7Nrk8WYAAcpOA?format=jpg&name=small', 'fullUrl': 'https://pbs.twimg.com/media/Fa7Nrk8WYAAcpOA?format=jpg&name=large'}]",,,,,"[{'_type': 'snscrape.modules.twitter.User', 'username': 'Apple', 'id': 380749300, 'displayname': 'Apple', 'description': None, 'rawDescription': None, 'descriptionUrls': None, 'verified': None, 'created': None, 'followersCount': None, 'friendsCount': None, 'statusesCount': None, 'favouritesCount': None, 'listedCount': None, 'mediaCount': None, 'location': None, 'protected': None, 'linkUrl': None, 'linkTcourl': None, 'profileImageUrl': None, 'profileBannerUrl': None, 'url': 'https://twitter.com/Apple'}, {'_type': 'snscrape.modules.twitter.User', 'username': 'AppleSupport', 'id': 3309375033, 'displayname': 'Apple Support', 'description': None, 'rawDescription': None, 'descriptionUrls': None, 'verified': None, 'created': None, 'followersCount': None, 'friendsCount': None, 'statusesCount': None, 'favouritesCount': None, 'listedCount': None, 'mediaCount': None, 'location': None, 'protected': None, 'linkUrl': None, 'linkTcourl': None, 'profileImageUrl': None, 'profileBannerUrl': None, 'url': 'https://twitter.com/AppleSupport'}]",,,[],, Support \nI bought the original apple case for Iphone and itâ€™s all broken &amp; rubber is peeling off in 10 months itself. Such a bad quality product apple is selling for higher cost,Support \nI bought the original apple case for Iphone and itâ€™s all broken &amp; rubber is peeling off in 10 months itself. Such a bad quality product apple is selling for higher cost,-0.3818,0.5633333333333332,ragini_gupta27,"['Apple', 'AppleSupport']",iphone,2022-08-24 12:11:41+00:00,ragini_gupta27,3129949442,ragini gupta,,,,False,2015-04-02T10:56:08+00:00,22,76,266,8,0,16,,False,,,https://abs.twimg.com/sticky/default_profile_images/default_profile_normal.png,,https://twitter.com/ragini_gupta27
1,snscrape.modules.twitter.Tweet,https://twitter.com/76Rachael/status/1562387326466023424,2022-08-24 10:32:21+00:00,"Why does everything have to be so confusing? Choosing between iPhone and Samsung is a pain in the ass. Now I donâ€™t know what I want. I currently have a Samsung galaxy a23 and itâ€™s not too bad, I just donâ€™t think itâ€™s me. Help me choose please.","Why does everything have to be so confusing? Choosing between iPhone and Samsung is a pain in the ass. Now I donâ€™t know what I want. I currently have a Samsung galaxy a23 and itâ€™s not too bad, I just donâ€™t think itâ€™s me. Help me choose please.",1562387326466023424,"{'_type': 'snscrape.modules.twitter.User', 'username': '76Rachael', 'id': 1203813618363465729, 'displayname': 'Rachael__76', 'description': 'Iâ€™m a twitch streamer and I play a variety of games. twitch.tv/rachael__76 affiliate with twitch, My name is Rachael!! I am also a fan of the paranormal!', 'rawDescription': 'Iâ€™m a twitch streamer and I play a variety of games. https://t.co/8EOYjkV3Az affiliate with twitch, My name is Rachael!! I am also a fan of the paranormal!', 'descriptionUrls': [{'text': 'twitch.tv/rachael__76', 'url': 'http://twitch.tv/rachael__76', 'tcourl': 'https://t.co/8EOYjkV3Az', 'indices': [53, 76]}], 'verified': False, 'created': '2019-12-08T23:10:54+00:00', 'followersCount': 186, 'friendsCount': 657, 'statusesCount': 786, 'favouritesCount': 721, 'listedCount': 1, 'mediaCount': 26, 'location': 'Brisbane, Australia', 'protected': False, 'linkUrl': None, 'linkTcourl': None, 'profileImageUrl': 'https://pbs.twimg.com/profile_images/1510429411031629826/YTHH4gDE_normal.jpg', 'profileBannerUrl': 'https://pbs.twimg.com/profile_banners/1203813618363465729/1623551454', 'url': 'https://twitter.com/76Rachael'}",0,0,0,0,1562387326466023424,en,Twitter for iPad,http://twitter.com/#!/download/ipad,Twitter for iPad,,,,,,,,,,,[],,"Why does everything have to be so confusing? Choosing between iPhone and Samsung is a pain in the ass. Now I donâ€™t know what I want. I currently have a Samsung galaxy a23 and itâ€™s not too bad, I just donâ€™t think itâ€™s me. Help me choose please","Why does everything have to be so confusing? Choosing between iPhone and Samsung is a pain in the ass. Now I donâ€™t know what I want. I currently have a Samsung galaxy a23 and itâ€™s not too bad, I just donâ€™t think itâ€™s me. Help me choose please",-0.2827,0.48888888888888893,76Rachael,[],iphone,2022-08-24 10:32:21+00:00,76Rachael,1203813618363465729,Rachael__76,"Iâ€™m a twitch streamer and I play a variety of games. twitch.tv/rachael__76 affiliate with twitch, My name is Rachael!! I am also a fan of the paranormal!","Iâ€™m a twitch streamer and I play a variety of games. https://t.co/8EOYjkV3Az affiliate with twitch, My name is Rachael!! I am also a fan of the paranormal!","[{'text': 'twitch.tv/rachael__76', 'url': 'http://twitch.tv/rachael__76', 'tcourl': 'https://t.co/8EOYjkV3Az', 'indices': [53, 76]}]",False,2019-12-08T23:10:54+00:00,186,657,786,721,1,26,"Brisbane, Australia",False,,,https://pbs.twimg.com/profile_images/1510429411031629826/YTHH4gDE_normal.jpg,https://pbs.twimg.com/profile_banners/1203813618363465729/1623551454,https://twitter.com/76Rachael
2,snscrape.modules.twitter.Tweet,https://twitter.com/AbdalahYoha/status/1562379527178883072,2022-08-24 10:01:21+00:00,@zollotech beta 7 still over heating and battery life is bad some bugs â€œiphone 13 pro maxâ€ and i think apple wants to androidize device widget then always on then lock screen i will stay on ios 15.6.1 and install lock ota profile,@zollotech beta 7 still over heating and battery life is bad some bugs â€œiphone 13 pro maxâ€ and i think apple wants to androidize device widget then always on then lock screen i will stay on ios 15.6.1 and install lock ota profile,1562379527178883072,"{'_type': 'snscrape.modules.twitter.User', 'username': 'AbdalahYoha', 'id': 1540818034390089734, 'displayname': 'Abdallah', 'description': 'Me', 'rawDescription': 'Me', 'descriptionUrls': None, 'verified': False, 'created': '2022-06-25T22:03:51+00:00', 'followersCount': 0, 'friendsCount': 12, 'statusesCount': 4, 'favouritesCount': 2, 'listedCount': 0, 'mediaCount': 2, 'location': 'Republic of Korea', 'protected': False, 'linkUrl': None, 'linkTcourl': None, 'profileImageUrl': 'https://pbs.twimg.com/profile_images/1541450531540967435/70SubuXv_normal.jpg', 'profileBannerUrl': None, 'url': 'https://twitter.com/AbdalahYoha'}",0,0,0,0,1562166881787731968,en,Twitter for iPhone,http://twitter.com/download/iphone,Twitter for iPhone,,,,,,1.562166881787732e+18,"{'_type': 'snscrape.modules.twitter.User', 'username': 'zollotech', 'id': 14863310, 'displayname': 'Aaron Zollo', 'description': None, 'rawDescription': None, 'descriptionUrls': None, 'verified': None, 'created': None, 'followersCount': None, 'friendsCount': None, 'statusesCount': None, 'favouritesCount': None, 'listedCount': None, 'mediaCount': None, 'location': None, 'protected': None, 'linkUrl': None, 'linkTcourl': None, 'profileImageUrl': None, 'profileBannerUrl': None, 'url': 'https://twitter.com/zollotech'}","[{'_type': 'snscrape.modules.twitter.User', 'username': 'zollotech', 'id': 14863310, 'displayname': 'Aaron Zollo', 'description': None, 'rawDescription': None, 'descriptionUrls': None, 'verified': None, 'created': None, 'followersCount': None, 'friendsCount': None, 'statusesCount': None, 'favouritesCount': None, 'listedCount': None, 'mediaCount': None, 'location': None, 'protected': None, 'linkUrl': None, 'linkTcourl': None, 'profileImageUrl': None, 'profileBannerUrl': None, 'url': 'https://twitter.com/zollotech'}]",,,[],, beta 7 still over heating and battery life is bad some bugs â€œiphone 13 pro maxâ€ and i think apple wants to androidize device widget then always on then lock screen i will stay on ios 15.6.1 and install lock ota profil,beta 7 still over heating and battery life is bad some bugs â€œiphone 13 pro maxâ€ and i think apple wants to androidize device widget then always on then lock screen i will stay on ios 15.6.1 and install lock ota profil,-0.5423,0.3833333333333333,AbdalahYoha,['zollotech'],iphone,2022-08-24 10:01:21+00:00,AbdalahYoha,1540818034390089734,Abdallah,Me,Me,,False,2022-06-25T22:03:51+00:00,0,12,4,2,0,2,Republic of Korea,False,,,https://pbs.twimg.com/profile_images/1541450531540967435/70SubuXv_normal.jpg,,https://twitter.com/AbdalahYoha
3,snscrape.modules.twitter.Tweet,https://twitter.com/janmejaydalal/status/1562368627902271490,2022-08-24 09:18:02+00:00,"@PrimeVideoIN your iOS app for iPhone experience is very bad, upon zooming to fill the screen so much of the content gets cropped - by this I meant if a movie is scaled at 22:9 I want the player to zoom to fill the screen at the same aspect ratio and not crop the video to 20:9","@PrimeVideoIN your iOS app for iPhone experience is very bad, upon zooming to fill the screen so much of the content gets cropped - by this I meant if a movie is scaled at 22:9 I want the player to zoom to fill the screen at the same aspect ratio and not crop the video to 20:9",1562368627902271490,"{'_type': 'snscrape.modules.twitter.User', 'username': 'janmejaydalal', 'id': 101449767, 'displayname': 'janmejay  dalal', 'description': '', 'rawDescription': '', 'descriptionUrls': None, 'verified': False, 'created': '2010-01-03T10:25:10+00:00', 'followersCount': 99, 'friendsCount': 225, 'statusesCount': 2806, 'favouritesCount': 211, 'listedCount': 0, 'mediaCount': 45, 'location': 'India ', 'protected': False, 'linkUrl': None, 'linkTcourl': None, 'profileImageUrl': 'https://pbs.twimg.com/profile_images/1304501891267784704/0NUvy42z_normal.jpg', 'profileBannerUrl': 'https://pbs.twimg.com/profile_banners/101449767/1510404295', 'url': 'https://twitter.com/janmejaydalal'}",0,0,0,0,1562368627902271490,en,Twitter for iPhone,http://twitter.com/download/iphone,Twitter for iPhone,,,,,,,,"[{'_type': 'snscrape.modules.twitter.User', 'username': 'PrimeVideoIN', 'id': 758172291754823680, 'displayname': 'prime video IN', 'description': None, 'rawDescription': None, 'descriptionUrls': None, 'verified': None, 'created': None, 'followersCount': None, 'friendsCount': None, 'statusesCount': None, 'favouritesCount': None, 'listedCount': None, 'mediaCount': None, 'location': None, 'protected': None, 'linkUrl': None, 'linkTcourl': None, 'profileImageUrl': None, 'profileBannerUrl': None, 'url': 'https://twitter.com/PrimeVideoIN'}]",,,[],," your iOS app for iPhone experience is very bad, upon zooming to fill the screen so much of the content gets cropped - by this I meant if a movie is scaled at 22:9 I want the player to zoom to fill the screen at the same aspect ratio and not crop the video to 20:","your iOS app for iPhone experience is very bad, upon zooming to fill the screen so much of the content gets cropped - by this I meant if a movie is scaled at 22:9 I want the player to zoom to fill the screen at the same aspect ratio and not crop the video to 20:",-0.5413,0.3972222222222222,janmejaydalal,['PrimeVideoIN'],iphone,2022-08-24 09:18:02+00:00,janmejaydalal,101449767,janmejay  dalal,,,,False,2010-01-03T10:25:10+00:00,99,225,2806,211,0,45,India ,False,,,https://pbs.twimg.com/profile_images/1304501891267784704/0NUvy42z_normal.jpg,https://pbs.twimg.com/profile_banners/101449767/1510404295,https://twitter.com/janmejaydalal
4,snscrape.modules.twitter.Tweet,https://twitter.com/llovesickboyy/status/1562367659303370752,2022-08-24 09:14:12+00:00,@AdnanDawarLone @imtasaltariq @leahsshitshow @dicklevitating LMFAO just realized you tweet from an iPhone!!! Appleâ€™s ceo is openly gay and they fight for gay rights all the time and donate money I feel bad for you ğŸ˜­ Buy muslim made phone oh forgot your kind is not that smart,@AdnanDawarLone @imtasaltariq @leahsshitshow @dicklevitating LMFAO just realized you tweet from an iPhone!!! Appleâ€™s ceo is openly gay and they fight for gay rights all the time and donate money I feel bad for you ğŸ˜­ Buy muslim made phone oh forgot your kind is not that smart,1562367659303370752,"{'_type': 'snscrape.modules.twitter.User', 'username': 'llovesickboyy', 'id': 1486900263592108039, 'displayname': 'ğğğ‘ğ ğğˆğğŠ', 'description': '20 he/him', 'rawDescription': '20 he/him', 'descriptionUrls': None, 'verified': False, 'created': '2022-01-28T03:13:57+00:00', 'followersCount': 7, 'friendsCount': 83, 'statusesCount': 144, 'favouritesCount': 149, 'listedCount': 0, 'mediaCount': 8, 'location': 'Valley of the dolls', 'protected': False, 'linkUrl': None, 'linkTcourl': None, 'profileImageUrl': 'https://pbs.twimg.com/profile_images/1559423485381853184/qTOhOBsB_normal.jpg', 'profileBannerUrl': 'https://pbs.twimg.com/profile_banners/1486900263592108039/1660097228', 'url': 'https://twitter.com/llovesickboyy'}",3,0,1,1,1562023519503925248,en,Twitter for iPhone,http://twitter.com/download/iphone,Twitter for iPhone,,,,,,1.5623139749764915e+18,"{'_type': 'snscrape.modules.twitter.User', 'username': 'AdnanDawarLone', 'id': 1230573626866274304, 'displayname': 'ğ”©ğ”¬ğ”¯ğ”¡ ğ”‡ğ”ğ”´ğ”ğ”¯', 'description': None, 'rawDescription': None, 'descriptionUrls': None, 'verified': None, 'created': None, 'followersCount': None, 'friendsCount': None, 'statusesCount': None, 'favouritesCount': None, 'listedCount': None, 'mediaCount': None, 'location': None, 'protected': None, 'linkUrl': None, 'linkTcourl': None, 'profileImageUrl': None, 'profileBannerUrl': None, 'url': 'https://twitter.com/AdnanDawarLone'}","[{'_type': 'snscrape.modules.twitter.User', 'username': 'AdnanDawarLone', 'id': 1230573626866274304, 'displayname': 'ğ”©ğ”¬ğ”¯ğ”¡ ğ”‡ğ”ğ”´ğ”ğ”¯', 'description': None, 'rawDescription': None, 'descriptionUrls': None, 'verified': None, 'created': None, 'followersCount': None, 'friendsCount': None, 'statusesCount': None, 'favouritesCount': None, 'listedCount': None, 'mediaCount': None, 'location': None, 'protected': None, 'linkUrl': None, 'linkTcourl': None, 'profileImageUrl': None, 'profileBannerUrl': None, 'url': 'https://twitter.com/AdnanDawarLone'}, {'_type': 'snscrape.modules.twitter.User', 'username': 'imtasaltariq', 'id': 2238776830, 'displayname': 'Imtasal Tariq', 'description': None, 'rawDescription': None, 'descriptionUrls': None, 'verified': None, 'created': None, 'followersCount': None, 'friendsCount': None, 'statusesCount': None, 'favouritesCount': None, 'listedCount': None, 'mediaCount': None, 'location': None, 'protected': None, 'linkUrl': None, 'linkTcourl': None, 'profileImageUrl': None, 'profileBannerUrl': None, 'url': 'https://twitter.com/imtasaltariq'}, {'_type': 'snscrape.modules.twitter.User', 'username': 'leahsshitshow', 'id': 1520859878322966528, 'displayname': 'Noa is dangerous', 'description': None, 'rawDescription': None, 'descriptionUrls': None, 'verified': None, 'created': None, 'followersCount': None, 'friendsCount': None, 'statusesCount': None, 'favouritesCount': None, 'listedCount': None, 'mediaCount': None, 'location': None, 'protected': None, 'linkUrl': None, 'linkTcourl': None, 'profileImageUrl': None, 'profileBannerUrl': None, 'url': 'https://twitter.com/leahsshitshow'}, {'_type': 'snscrape.modules.twitter.User', 'username': 'dicklevitating', 'id': 1362017647085449229, 'displayname': 'bill', 'description': None, 'rawDescription': None, 'descriptionUrls': None, 'verified': None, 'created': None, 'followersCount': None, 'friendsCount': None, 'statusesCount': None, 'favouritesCount': None, 'listedCount': None, 'mediaCount': None, 'location': None, 'protected': None, 'linkUrl': None, 'linkTcourl': None, 'profileImageUrl': None, 'profileBannerUrl': None, 'url': 'https://twitter.com/dicklevitating'}]",,,[],,    LMFAO just realized you tweet from an iPhone!!! Appleâ€™s ceo is openly gay and they fight for gay rights all the time and donate money I feel bad for you ğŸ˜­ Buy muslim made phone oh forgot your kind is not that smar,LMFAO just realized you tweet from an iPhone!!! Appleâ€™s ceo is openly gay and they fight for gay rights all the time and donate money I feel bad for you ğŸ˜­ Buy muslim made phone oh forgot your kind is not that smar,-0.3491,0.6833333333333333,llovesickboyy,"['AdnanDawarLone', 'imtasaltariq', 'leahsshitshow', 'dicklevitating']",iphone,2022-08-24 09:14:12+00:00,llovesickboyy,1486900263592108039,ğğğ‘ğ ğğˆğğŠ,20 he/him,20 he/him,,False,2022-01-28T03:13:57+00:00,7,83,144,149,0,8,Valley of the dolls,False,,,https://pbs.twimg.com/profile_images/1559423485381853184/qTOhOBsB_normal.jpg,https://pbs.twimg.com/profile_banners/1486900263592108039/1660097228,https://twitter.com/llovesickboyy
5,snscrape.modules.twitter.Tweet,https://twitter.com/Dankmanyt/status/1562363917963231233,2022-08-24 08:59:20+00:00,"#GetTheMessage 
Let me tell you why i wanted to switch to iphone this bad:
My cousin have an iphone 11 while i have an S21 plus, when i'm trying to text him our chat is in the old SMS format which means we can't know if the other one of us read (1/2)","#GetTheMessage 
Let me tell you why i wanted to switch to iphone this bad:
My cousin have an iphone 11 while i have an S21 plus, when i'm trying to text him our chat is in the old SMS format which means we can't know if the other one of us read (1/2)",1562363917963231233,"{'_type': 'snscrape.modules.twitter.User', 'username': 'Dankmanyt', 'id': 1249339449747570689, 'displayname': '×“×× ×§××Ÿ', 'description': '×œ×¤× ×™ ×©× ×™× ×¨×‘×•×ª ××¨×‘×¢ ×”××•××•×ª ×—×™×™×• ×‘×”×¨××•× ×™×”, ××‘×œ ×”×›×œ ×”×©×ª× ×” ×›×©××•××ª ×”××© ×”×—×œ×™×˜×” ×œ×ª×§×•×£\n\n×—×©×‘×•×Ÿ ×¤×¨×˜×™: @dankmanprati\n\n×—×©×‘×•×Ÿ ×‘×× ×’×œ×™×ª: @yaboidankman', 'rawDescription': '×œ×¤× ×™ ×©× ×™× ×¨×‘×•×ª ××¨×‘×¢ ×”××•××•×ª ×—×™×™×• ×‘×”×¨××•× ×™×”, ××‘×œ ×”×›×œ ×”×©×ª× ×” ×›×©××•××ª ×”××© ×”×—×œ×™×˜×” ×œ×ª×§×•×£\n\n×—×©×‘×•×Ÿ ×¤×¨×˜×™: @dankmanprati\n\n×—×©×‘×•×Ÿ ×‘×× ×’×œ×™×ª: @yaboidankman', 'descriptionUrls': None, 'verified': False, 'created': '2020-04-12T14:12:02+00:00', 'followersCount': 147, 'friendsCount': 318, 'statusesCount': 2961, 'favouritesCount': 268, 'listedCount': 0, 'mediaCount': 603, 'location': ' × ×ª× ×™×” ×¢×™×¨ ×”×¤×©×¢', 'protected': False, 'linkUrl': 'http://youtube.com/dankmanyt', 'linkTcourl': 'https://t.co/IIDTYsIHX8', 'profileImageUrl': 'https://pbs.twimg.com/profile_images/1496585241351368709/ze2G_lBd_normal.jpg', 'profileBannerUrl': 'https://pbs.twimg.com/profile_banners/1249339449747570689/1630005145', 'url': 'https://twitter.com/Dankmanyt'}",1,0,0,0,1562363917963231233,en,Twitter for Android,http://twitter.com/download/android,Twitter for Android,,,,,,,,,,,['GetTheMessage'],,"#GetTheMessage \nLet me tell you why i wanted to switch to iphone this bad:\nMy cousin have an iphone 11 while i have an S21 plus, when i'm trying to text him our chat is in the old SMS format which means we can't know if the other one of us read (1/2","#GetTheMessage \nLet me tell you why i wanted to switch to iphone this bad:\nMy cousin have an iphone 11 while i have an S21 plus, when i'm trying to text him our chat is in the old SMS format which means we can't know if the other one of us read (1/2",0.0,0.2875,Dankmanyt,[],iphone,2022-08-24 08:59:20+00:00,Dankmanyt,1249339449747570689,×“×× ×§××Ÿ,"×œ×¤× ×™ ×©× ×™× ×¨×‘×•×ª ××¨×‘×¢ ×”××•××•×ª ×—×™×™×• ×‘×”×¨××•× ×™×”, ××‘×œ ×”×›×œ ×”×©×ª× ×” ×›×©××•××ª ×”××© ×”×—×œ×™×˜×” ×œ×ª×§×•×£

×—×©×‘×•×Ÿ ×¤×¨×˜×™: @dankmanprati

×—×©×‘×•×Ÿ ×‘×× ×’×œ×™×ª: @yaboidankman","×œ×¤× ×™ ×©× ×™× ×¨×‘×•×ª ××¨×‘×¢ ×”××•××•×ª ×—×™×™×• ×‘×”×¨××•× ×™×”, ××‘×œ ×”×›×œ ×”×©×ª× ×” ×›×©××•××ª ×”××© ×”×—×œ×™×˜×” ×œ×ª×§×•×£

×—×©×‘×•×Ÿ ×¤×¨×˜×™: @dankmanprati

×—×©×‘×•×Ÿ ×‘×× ×’×œ×™×ª: @yaboidankman",,False,2020-04-12T14:12:02+00:00,147,318,2961,268,0,603, × ×ª× ×™×” ×¢×™×¨ ×”×¤×©×¢,False,http://youtube.com/dankmanyt,https://t.co/IIDTYsIHX8,https://pbs.twimg.com/profile_images/1496585241351368709/ze2G_lBd_normal.jpg,https://pbs.twimg.com/profile_banners/1249339449747570689/1630005145,https://twitter.com/Dankmanyt
6,snscrape.modules.twitter.Tweet,https://twitter.com/ManChaJai/status/1562347388689207296,2022-08-24 07:53:39+00:00,@JioCare I have received a feedback form https://t.co/Yqjtlq4FJY  I am trying to give very bad feedback. It is not accepting. I have tried in my iPhone and on web browser. Looks like you donâ€™t allow to accept negative feedback. Really sad and absolute cheating,@JioCare I have received a feedback form jio.com/r/JfID3a6ov  I am trying to give very bad feedback. It is not accepting. I have tried in my iPhone and on web browser. Looks like you donâ€™t allow to accept negative feedback. Really sad and absolute cheating,1562347388689207296,"{'_type': 'snscrape.modules.twitter.User', 'username': 'ManChaJai', 'id': 101148067, 'displayname': 'Manoj Chandan Jain', 'description': 'Co-founder Bitfia. Blockchain Entrepreneur, IT Industry Veteran, Engineer, Mgmt and Law graduate. Innovations in Blockchain. Active in Social causes in India', 'rawDescription': 'Co-founder Bitfia. Blockchain Entrepreneur, IT Industry Veteran, Engineer, Mgmt and Law graduate. Innovations in Blockchain. Active in Social causes in India', 'descriptionUrls': None, 'verified': False, 'created': '2010-01-02T05:39:03+00:00', 'followersCount': 195, 'friendsCount': 192, 'statusesCount': 320, 'favouritesCount': 134, 'listedCount': 4, 'mediaCount': 13, 'location': 'Singapore', 'protected': False, 'linkUrl': 'http://www.bitfia.io', 'linkTcourl': 'https://t.co/SjKsgUQOrz', 'profileImageUrl': 'https://pbs.twimg.com/profile_images/1195385162202116098/wrmA6teX_normal.jpg', 'profileBannerUrl': 'https://pbs.twimg.com/profile_banners/101148067/1424171288', 'url': 'https://twitter.com/ManChaJai'}",0,0,0,0,1562347388689207296,en,Twitter for iPhone,http://twitter.com/download/iphone,Twitter for iPhone,['http://www.jio.com/r/JfID3a6ov'],['https://t.co/Yqjtlq4FJY'],,,,,,"[{'_type': 'snscrape.modules.twitter.User', 'username': 'JioCare', 'id': 1373901961, 'displayname': 'JioCare', 'description': None, 'rawDescription': None, 'descriptionUrls': None, 'verified': None, 'created': None, 'followersCount': None, 'friendsCount': None, 'statusesCount': None, 'favouritesCount': None, 'listedCount': None, 'mediaCount': None, 'location': None, 'protected': None, 'linkUrl': None, 'linkTcourl': None, 'profileImageUrl': None, 'profileBannerUrl': None, 'url': 'https://twitter.com/JioCare'}]",,,[],, I have received a feedback form jio.com/r/JfID3a6ov  I am trying to give very bad feedback. It is not accepting. I have tried in my iPhone and on web browser. Looks like you donâ€™t allow to accept negative feedback. Really sad and absolute cheatin,I have received a feedback form jio.com/r/JfID3a6ov  I am trying to give very bad feedback. It is not accepting. I have tried in my iPhone and on web browser. Looks like you donâ€™t allow to accept negative feedback. Really sad and absolute cheatin,-0.7947,0.7916666666666666,ManChaJai,['JioCare'],iphone,2022-08-24 07:53:39+00:00,ManChaJai,101148067,Manoj Chandan Jain,"Co-founder Bitfia. Blockchain Entrepreneur, IT Industry Veteran, Engineer, Mgmt and Law graduate. Innovations in Blockchain. Active in Social causes in India","Co-founder Bitfia. Blockchain Entrepreneur, IT Industry Veteran, Engineer, Mgmt and Law graduate. Innovations in Blockchain. Active in Social causes in India",,False,2010-01-02T05:39:03+00:00,195,192,320,134,4,13,Singapore,False,http://www.bitfia.io,https://t.co/SjKsgUQOrz,https://pbs.twimg.com/profile_images/1195385162202116098/wrmA6teX_normal.jpg,https://pbs.twimg.com/profile_banners/101148067/1424171288,https://twitter.com/ManChaJai
7,snscrape.modules.twitter.Tweet,https://twitter.com/AaronBr00mfie7d/status/1562334804258856961,2022-08-24 07:03:38+00:00,"@acoyne I relish the bad press Bell is getting, after what they put me through last year when I bought outright (no contract) a new iPhone SE 256GB storage. I spent 3 weeks trying to get ahold of a dept. that would unlock my phone.

I bought it from Visions, but was on a Fido contract.","@acoyne I relish the bad press Bell is getting, after what they put me through last year when I bought outright (no contract) a new iPhone SE 256GB storage. I spent 3 weeks trying to get ahold of a dept. that would unlock my phone.

I bought it from Visions, but was on a Fido contract.",1562334804258856961,"{'_type': 'snscrape.modules.twitter.User', 'username': 'AaronBr00mfie7d', 'id': 1485384871564365824, 'displayname': 'Aaron Broomfield ğŸ‡¨ğŸ‡¦', 'description': 'Ako si Aaron.\n\nHusband, father of 2 children and Non-Profit sector admin.\n\nI like driving, action movies, cast iron cooking & computers. Weekends Iâ€™m w/ family.', 'rawDescription': 'Ako si Aaron.\n\nHusband, father of 2 children and Non-Profit sector admin.\n\nI like driving, action movies, cast iron cooking & computers. Weekends Iâ€™m w/ family.', 'descriptionUrls': None, 'verified': False, 'created': '2022-01-23T22:52:26+00:00', 'followersCount': 112, 'friendsCount': 565, 'statusesCount': 2794, 'favouritesCount': 1621, 'listedCount': 5, 'mediaCount': 374, 'location': 'Surrey, BC Canada', 'protected': False, 'linkUrl': None, 'linkTcourl': None, 'profileImageUrl': 'https://pbs.twimg.com/profile_images/1485387391489634304/nkhyngIq_normal.jpg', 'profileBannerUrl': 'https://pbs.twimg.com/profile_banners/1485384871564365824/1658888412', 'url': 'https://twitter.com/AaronBr00mfie7d'}",3,0,1,0,1562273484524249088,en,Twitter for iPad,http://twitter.com/#!/download/ipad,Twitter for iPad,,,,,,1.562273484524249e+18,"{'_type': 'snscrape.modules.twitter.User', 'username': 'acoyne', 'id': 3079986094, 'displayname': 'Andrew Coyne ğŸ‡ºğŸ‡¦', 'description': None, 'rawDescription': None, 'descriptionUrls': None, 'verified': None, 'created': None, 'followersCount': None, 'friendsCount': None, 'statusesCount': None, 'favouritesCount': None, 'listedCount': None, 'mediaCount': None, 'location': None, 'protected': None, 'linkUrl': None, 'linkTcourl': None, 'profileImageUrl': None, 'profileBannerUrl': None, 'url': 'https://twitter.com/acoyne'}","[{'_type': 'snscrape.modules.twitter.User', 'username': 'acoyne', 'id': 3079986094, 'displayname': 'Andrew Coyne ğŸ‡ºğŸ‡¦', 'description': None, 'rawDescription': None, 'descriptionUrls': None, 'verified': None, 'created': None, 'followersCount': None, 'friendsCount': None, 'statusesCount': None, 'favouritesCount': None, 'listedCount': None, 'mediaCount': None, 'location': None, 'protected': None, 'linkUrl': None, 'linkTcourl': None, 'profileImageUrl': None, 'profileBannerUrl': None, 'url': 'https://twitter.com/acoyne'}]",,,[],," I relish the bad press Bell is getting, after what they put me through last year when I bought outright (no contract) a new iPhone SE 256GB storage. I spent 3 weeks trying to get ahold of a dept. that would unlock my phone.\n\nI bought it from Visions, but was on a Fido contract","I relish the bad press Bell is getting, after what they put me through last year when I bought outright (no contract) a new iPhone SE 256GB storage. I spent 3 weeks trying to get ahold of a dept. that would unlock my phone.\n\nI bought it from Visions, but was on a Fido contract",-0.2023,0.32196969696969696,AaronBr00mfie7d,['acoyne'],iphone,2022-08-24 07:03:38+00:00,AaronBr00mfie7d,1485384871564365824,Aaron Broomfield ğŸ‡¨ğŸ‡¦,"Ako si Aaron.

Husband, father of 2 children and Non-Profit sector admin.

I like driving, action movies, cast iron cooking & computers. Weekends Iâ€™m w/ family.","Ako si Aaron.

Husband, father of 2 children and Non-Profit sector admin.

I like driving, action movies, cast iron cooking & computers. Weekends Iâ€™m w/ family.",,False,2022-01-23T22:52:26+00:00,112,565,2794,1621,5,374,"Surrey, BC Canada",False,,,https://pbs.twimg.com/profile_images/1485387391489634304/nkhyngIq_normal.jpg,https://pbs.twimg.com/profile_banners/1485384871564365824/1658888412,https://twitter.com/AaronBr00mfie7d
8,snscrape.modules.twitter.Tweet,https://twitter.com/johndinok/status/1562286945094582272,2022-08-24 03:53:28+00:00,"@FoundersGirl @bad_debt_takes I have 2 millennials I work with. One has the latest Iphone and drives a new Mustang GT. The second, drives and older car and is working a second job to pay off his student loan. Guess which one wants his loan cancelled.","@FoundersGirl @bad_debt_takes I have 2 millennials I work with. One has the latest Iphone and drives a new Mustang GT. The second, drives and older car and is working a second job to pay off his student loan. Guess which one wants his loan cancelled.",1562286945094582272,"{'_type': 'snscrape.modules.twitter.User', 'username': 'johndinok', 'id': 1549755532331962368, 'displayname': 'john ok-ks', 'description': 'Pronouns are nonsense. AF Vet. C-130 crew', 'rawDescription': 'Pronouns are nonsense. AF Vet. C-130 crew', 'descriptionUrls': None, 'verified': False, 'created': '2022-07-20T13:58:32+00:00', 'followersCount': 49, 'friendsCount': 345, 'statusesCount': 798, 'favouritesCount': 758, 'listedCount': 0, 'mediaCount': 25, 'location': '', 'protected': False, 'linkUrl': None, 'linkTcourl': None, 'profileImageUrl': 'https://pbs.twimg.com/profile_images/1550338212912046080/xesup63R_normal.jpg', 'profileBannerUrl': 'https://pbs.twimg.com/profile_banners/1549755532331962368/1658464507', 'url': 'https://twitter.com/johndinok'}",0,2,18,0,1561431887956123648,en,Twitter Web App,https://mobile.twitter.com,Twitter Web App,,,,,,1.5622847584988324e+18,"{'_type': 'snscrape.modules.twitter.User', 'username': 'FoundersGirl', 'id': 887905129, 'displayname': 'Solar Smirk', 'description': None, 'rawDescription': None, 'descriptionUrls': None, 'verified': None, 'created': None, 'followersCount': None, 'friendsCount': None, 'statusesCount': None, 'favouritesCount': None, 'listedCount': None, 'mediaCount': None, 'location': None, 'protected': None, 'linkUrl': None, 'linkTcourl': None, 'profileImageUrl': None, 'profileBannerUrl': None, 'url': 'https://twitter.com/FoundersGirl'}","[{'_type': 'snscrape.modules.twitter.User', 'username': 'FoundersGirl', 'id': 887905129, 'displayname': 'Solar Smirk', 'description': None, 'rawDescription': None, 'descriptionUrls': None, 'verified': None, 'created': None, 'followersCount': None, 'friendsCount': None, 'statusesCount': None, 'favouritesCount': None, 'listedCount': None, 'mediaCount': None, 'location': None, 'protected': None, 'linkUrl': None, 'linkTcourl': None, 'profileImageUrl': None, 'profileBannerUrl': None, 'url': 'https://twitter.com/FoundersGirl'}, {'_type': 'snscrape.modules.twitter.User', 'username': 'bad_debt_takes', 'id': 1520458735495237632, 'displayname': 'Shitty Student Debt Takes', 'description': None, 'rawDescription': None, 'descriptionUrls': None, 'verified': None, 'created': None, 'followersCount': None, 'friendsCount': None, 'statusesCount': None, 'favouritesCount': None, 'listedCount': None, 'mediaCount': None, 'location': None, 'protected': None, 'linkUrl': None, 'linkTcourl': None, 'profileImageUrl': None, 'profileBannerUrl': None, 'url': 'https://twitter.com/bad_debt_takes'}]",,,[],,"  I have 2 millennials I work with. One has the latest Iphone and drives a new Mustang GT. The second, drives and older car and is working a second job to pay off his student loan. Guess which one wants his loan cancelled","I have 2 millennials I work with. One has the latest Iphone and drives a new Mustang GT. The second, drives and older car and is working a second job to pay off his student loan. Guess which one wants his loan cancelled",-0.34,0.29797979797979796,johndinok,"['FoundersGirl', 'bad_debt_takes']",iphone,2022-08-24 03:53:28+00:00,johndinok,1549755532331962368,john ok-ks,Pronouns are nonsense. AF Vet. C-130 crew,Pronouns are nonsense. AF Vet. C-130 crew,,False,2022-07-20T13:58:32+00:00,49,345,798,758,0,25,,False,,,https://pbs.twimg.com/profile_images/1550338212912046080/xesup63R_normal.jpg,https://pbs.twimg.com/profile_banners/1549755532331962368/1658464507,https://twitter.com/johndinok
9,snscrape.modules.twitter.Tweet,https://twitter.com/Shecallsmeking5/status/1562273133675020288,2022-08-24 02:58:35+00:00,@tweetshaeee Lol I know the quality is iPhone 5Câ€™ish but itâ€™s good though. Once you get past the 1 or 7 bad actors it gets interesting ğŸ˜‚,@tweetshaeee Lol I know the quality is iPhone 5Câ€™ish but itâ€™s good though. Once you get past the 1 or 7 bad actors it gets interesting ğŸ˜‚,1562273133675020288,"{'_type': 'snscrape.modules.twitter.User', 'username': 'Shecallsmeking5', 'id': 1537822092141465600, 'displayname': 'Photography Papi', 'description': 'Back for the last time ğŸ™„Shenanigans king. That is all. 30+ Twitter', 'rawDescription': 'Back for the last time ğŸ™„Shenanigans king. That is all. 30+ Twitter', 'descriptionUrls': None, 'verified': False, 'created': '2022-06-17T15:39:02+00:00', 'followersCount': 522, 'friendsCount': 618, 'statusesCount': 1986, 'favouritesCount': 1580, 'listedCount': 0, 'mediaCount': 216, 'location': 'Charlotte, NC', 'protected': False, 'linkUrl': 'https://charlesehaynes2.wixsite.com/website', 'linkTcourl': 'https://t.co/cvZQD4iKCH', 'profileImageUrl': 'https://pbs.twimg.com/profile_images/1554919965295345664/4G8z42Q7_normal.jpg', 'profileBannerUrl': 'https://pbs.twimg.com/profile_banners/1537822092141465600/1659556817', 'url': 'https://twitter.com/Shecallsmeking5'}",1,0,0,0,1562272246462197760,en,Twitter for iPhone,http://twitter.com/download/iphone,Twitter for iPhone,,,,,,1.5622727159767572e+18,"{'_type': 'snscrape.modules.twitter.User', 'username': 'tweetshaeee', 'id': 1110817846454439936, 'displayname': 'Qucifer', 'description': None, 'rawDescription': None, 'descriptionUrls': None, 'verified': None, 'created': None, 'followersCount': None, 'friendsCount': None, 'statusesCount': None, 'favouritesCount': None, 'listedCount': None, 'mediaCount': None, 'location': None, 'protected': None, 'linkUrl': None, 'linkTcourl': None, 'profileImageUrl': None, 'profileBannerUrl': None, 'url': 'https://twitter.com/tweetshaeee'}","[{'_type': 'snscrape.modules.twitter.User', 'username': 'tweetshaeee', 'id': 1110817846454439936, 'displayname': 'Qucifer', 'description': None, 'rawDescription': None, 'descriptionUrls': None, 'verified': None, 'created': None, 'followersCount': None, 'friendsCount': None, 'statusesCount': None, 'favouritesCount': None, 'listedCount': None, 'mediaCount': None, 'location': None, 'protected': None, 'linkUrl': None, 'linkTcourl': None, 'profileImageUrl': None, 'profileBannerUrl': None, 'url': 'https://twitter.com/tweetshaeee'}]",,,[],, Lol I know the quality is iPhone 5Câ€™ish but itâ€™s good though. Once you get past the 1 or 7 bad actors it gets interesting ,Lol I know the quality is iPhone 5Câ€™ish but itâ€™s good though. Once you get past the 1 or 7 bad actors it gets interesting,0.5499,0.5433333333333333,Shecallsmeking5,['tweetshaeee'],iphone,2022-08-24 02:58:35+00:00,Shecallsmeking5,1537822092141465600,Photography Papi,Back for the last time ğŸ™„Shenanigans king. That is all. 30+ Twitter,Back for the last time ğŸ™„Shenanigans king. That is all. 30+ Twitter,,False,2022-06-17T15:39:02+00:00,522,618,1986,1580,0,216,"Charlotte, NC",False,https://charlesehaynes2.wixsite.com/website,https://t.co/cvZQD4iKCH,https://pbs.twimg.com/profile_images/1554919965295345664/4G8z42Q7_normal.jpg,https://pbs.twimg.com/profile_banners/1537822092141465600/1659556817,https://twitter.com/Shecallsmeking5
10,snscrape.modules.twitter.Tweet,https://twitter.com/BlessedTess27/status/1562263524801380352,2022-08-24 02:20:24+00:00,Did the new Apple iPhone update and now my phone is trashâ€¦ I really do think they are making older models go bad.. I havenâ€™t had any issues with my 7plus until now. @apple you have some explaining to do!,Did the new Apple iPhone update and now my phone is trashâ€¦ I really do think they are making older models go bad.. I havenâ€™t had any issues with my 7plus until now. @apple you have some explaining to do!,1562263524801380352,"{'_type': 'snscrape.modules.twitter.User', 'username': 'BlessedTess27', 'id': 30346823, 'displayname': 'Tess âŒâŒ', 'description': 'my brain is on auto pilot. IM A MUSIC LOVER ğŸ¶ TOO MANY FAVES TO LISTğŸŒ»I show love with Sarcasm and Dorkiness! BPD survivor.', 'rawDescription': 'my brain is on auto pilot. IM A MUSIC LOVER ğŸ¶ TOO MANY FAVES TO LISTğŸŒ»I show love with Sarcasm and Dorkiness! BPD survivor.', 'descriptionUrls': None, 'verified': False, 'created': '2009-04-10T23:59:49+00:00', 'followersCount': 790, 'friendsCount': 702, 'statusesCount': 95915, 'favouritesCount': 39989, 'listedCount': 9, 'mediaCount': 5769, 'location': 'United States', 'protected': False, 'linkUrl': 'https://youtu.be/rODNMWBLZzY', 'linkTcourl': 'https://t.co/E7AplraSWX', 'profileImageUrl': 'https://pbs.twimg.com/profile_images/1560874795868295169/kNt_cGXg_normal.jpg', 'profileBannerUrl': 'https://pbs.twimg.com/profile_banners/30346823/1661307693', 'url': 'https://twitter.com/BlessedTess27'}",0,0,0,0,1562263524801380352,en,Twitter for iPhone,http://twitter.com/download/iphone,Twitter for iPhone,,,,,,,,"[{'_type': 'snscrape.modules.twitter.User', 'username': 'Apple', 'id': 380749300, 'displayname': 'Apple', 'description': None, 'rawDescription': None, 'descriptionUrls': None, 'verified': None, 'created': None, 'followersCount': None, 'friendsCount': None, 'statusesCount': None, 'favouritesCount': None, 'listedCount': None, 'mediaCount': None, 'location': None, 'protected': None, 'linkUrl': None, 'linkTcourl': None, 'profileImageUrl': None, 'profileBannerUrl': None, 'url': 'https://twitter.com/Apple'}]",,,[],,Did the new Apple iPhone update and now my phone is trashâ€¦ I really do think they are making older models go bad.. I havenâ€™t had any issues with my 7plus until now.  you have some explaining to do,Did the new Apple iPhone update and now my phone is trashâ€¦ I really do think they are making older models go bad.. I havenâ€™t had any issues with my 7plus until now.  you have some explaining to do,-0.5423,0.4136363636363636,BlessedTess27,['apple'],iphone,2022-08-24 02:20:24+00:00,BlessedTess27,30346823,Tess âŒâŒ,my brain is on auto pilot. IM A MUSIC LOVER ğŸ¶ TOO MANY FAVES TO LISTğŸŒ»I show love with Sarcasm and Dorkiness! BPD survivor.,my brain is on auto pilot. IM A MUSIC LOVER ğŸ¶ TOO MANY FAVES TO LISTğŸŒ»I show love with Sarcasm and Dorkiness! BPD survivor.,,False,2009-04-10T23:59:49+00:00,790,702,95915,39989,9,5769,United States,False,https://youtu.be/rODNMWBLZzY,https://t.co/E7AplraSWX,https://pbs.twimg.com/profile_images/1560874795868295169/kNt_cGXg_normal.jpg,https://pbs.twimg.com/profile_banners/30346823/1661307693,https://twitter.com/BlessedTess27
11,snscrape.modules.twitter.Tweet,https://twitter.com/BlindSanityPod/status/1562261779241005057,2022-08-24 02:13:28+00:00,OMG ! How can you android guys survive ! 4 hours with my pixel 6 and Jeezâ€¦ I have to relearn everything ! I guess thatâ€™s what 15 years of iPhone do to people . Accessibility on android is not too bad but I miss the magnifier the way Apple does it. Also where is text to speech ?,OMG ! How can you android guys survive ! 4 hours with my pixel 6 and Jeezâ€¦ I have to relearn everything ! I guess thatâ€™s what 15 years of iPhone do to people . Accessibility on android is not too bad but I miss the magnifier the way Apple does it. Also where is text to speech ?,1562261779241005057,"{'_type': 'snscrape.modules.twitter.User', 'username': 'BlindSanityPod', 'id': 1472626137607983106, 'displayname': 'Blind Sanity', 'description': 'A website for the blind and low vision community; providing insights and support to make life easier and more enjoyable. E-Mail at BlindSanityPodcast@gmail.com', 'rawDescription': 'A website for the blind and low vision community; providing insights and support to make life easier and more enjoyable. E-Mail at BlindSanityPodcast@gmail.com', 'descriptionUrls': None, 'verified': False, 'created': '2021-12-19T17:54:45+00:00', 'followersCount': 1483, 'friendsCount': 3278, 'statusesCount': 614, 'favouritesCount': 21, 'listedCount': 9, 'mediaCount': 15, 'location': 'San Francisco, CA', 'protected': False, 'linkUrl': 'http://blindsanity.com', 'linkTcourl': 'https://t.co/mwsAebunKA', 'profileImageUrl': 'https://pbs.twimg.com/profile_images/1544405344993939456/cDZt_0JP_normal.jpg', 'profileBannerUrl': 'https://pbs.twimg.com/profile_banners/1472626137607983106/1657049928', 'url': 'https://twitter.com/BlindSanityPod'}",2,0,2,0,1562261779241005057,en,Twitter for iPhone,http://twitter.com/download/iphone,Twitter for iPhone,,,,,,,,,,,[],,OMG ! How can you android guys survive ! 4 hours with my pixel 6 and Jeezâ€¦ I have to relearn everything ! I guess thatâ€™s what 15 years of iPhone do to people . Accessibility on android is not too bad but I miss the magnifier the way Apple does it. Also where is text to speech ,OMG ! How can you android guys survive ! 4 hours with my pixel 6 and Jeezâ€¦ I have to relearn everything ! I guess thatâ€™s what 15 years of iPhone do to people . Accessibility on android is not too bad but I miss the magnifier the way Apple does it. Also where is text to speech,0.2266,0.6666666666666666,BlindSanityPod,[],iphone,2022-08-24 02:13:28+00:00,BlindSanityPod,1472626137607983106,Blind Sanity,A website for the blind and low vision community; providing insights and support to make life easier and more enjoyable. E-Mail at BlindSanityPodcast@gmail.com,A website for the blind and low vision community; providing insights and support to make life easier and more enjoyable. E-Mail at BlindSanityPodcast@gmail.com,,False,2021-12-19T17:54:45+00:00,1483,3278,614,21,9,15,"San Francisco, CA",False,http://blindsanity.com,https://t.co/mwsAebunKA,https://pbs.twimg.com/profile_images/1544405344993939456/cDZt_0JP_normal.jpg,https://pbs.twimg.com/profile_banners/1472626137607983106/1657049928,https://twitter.com/BlindSanityPod
12,snscrape.modules.twitter.Tweet,https://twitter.com/jessmcmxci/status/1562258472422498304,2022-08-24 02:00:19+00:00,@jayletoile Idk. These arenâ€™t bad deals but the iPhone 14 is about to release pretty soon so Iâ€™m waiting on it,@jayletoile Idk. These arenâ€™t bad deals but the iPhone 14 is about to release pretty soon so Iâ€™m waiting on it,1562258472422498304,"{'_type': 'snscrape.modules.twitter.User', 'username': 'jessmcmxci', 'id': 1457364978135142400, 'displayname': 'ğ•ğ•–ğ•¤ğ•¤ ğŸ§˜ğŸ½\u200dâ™€ï¸', 'description': 'ğ•€ ğ••ğ• ğ•Ÿâ€™ğ•¥ ğ•’ğ•Ÿğ•¤ğ•¨ğ•–ğ•£ ğ”»ğ•„ğ•¤', 'rawDescription': 'ğ•€ ğ••ğ• ğ•Ÿâ€™ğ•¥ ğ•’ğ•Ÿğ•¤ğ•¨ğ•–ğ•£ ğ”»ğ•„ğ•¤', 'descriptionUrls': None, 'verified': False, 'created': '2021-11-07T15:11:17+00:00', 'followersCount': 4806, 'friendsCount': 2081, 'statusesCount': 23968, 'favouritesCount': 32692, 'listedCount': 8, 'mediaCount': 798, 'location': 'â„•ğ•¦ğ•Ÿğ•ªğ•’', 'protected': False, 'linkUrl': 'http://allmylinks.com/jessmcmxci', 'linkTcourl': 'https://t.co/nxKdy145Pk', 'profileImageUrl': 'https://pbs.twimg.com/profile_images/1557554334858182656/lmdOSMFi_normal.jpg', 'profileBannerUrl': 'https://pbs.twimg.com/profile_banners/1457364978135142400/1654733306', 'url': 'https://twitter.com/jessmcmxci'}",0,0,0,0,1562254099931926528,en,Twitter for iPhone,http://twitter.com/download/iphone,Twitter for iPhone,,,,,,1.5622576833859133e+18,"{'_type': 'snscrape.modules.twitter.User', 'username': 'jayletoile', 'id': 993156374, 'displayname': 'Jay Jay', 'description': None, 'rawDescription': None, 'descriptionUrls': None, 'verified': None, 'created': None, 'followersCount': None, 'friendsCount': None, 'statusesCount': None, 'favouritesCount': None, 'listedCount': None, 'mediaCount': None, 'location': None, 'protected': None, 'linkUrl': None, 'linkTcourl': None, 'profileImageUrl': None, 'profileBannerUrl': None, 'url': 'https://twitter.com/jayletoile'}","[{'_type': 'snscrape.modules.twitter.User', 'username': 'jayletoile', 'id': 993156374, 'displayname': 'Jay Jay', 'description': None, 'rawDescription': None, 'descriptionUrls': None, 'verified': None, 'created': None, 'followersCount': None, 'friendsCount': None, 'statusesCount': None, 'favouritesCount': None, 'listedCount': None, 'mediaCount': None, 'location': None, 'protected': None, 'linkUrl': None, 'linkTcourl': None, 'profileImageUrl': None, 'profileBannerUrl': None, 'url': 'https://twitter.com/jayletoile'}]",,,[],, Idk. These arenâ€™t bad deals but the iPhone 14 is about to release pretty soon so Iâ€™m waiting on i,Idk. These arenâ€™t bad deals but the iPhone 14 is about to release pretty soon so Iâ€™m waiting on i,0.431,0.8333333333333333,jessmcmxci,['jayletoile'],iphone,2022-08-24 02:00:19+00:00,jessmcmxci,1457364978135142400,ğ•ğ•–ğ•¤ğ•¤ ğŸ§˜ğŸ½â€â™€ï¸,ğ•€ ğ••ğ• ğ•Ÿâ€™ğ•¥ ğ•’ğ•Ÿğ•¤ğ•¨ğ•–ğ•£ ğ”»ğ•„ğ•¤,ğ•€ ğ••ğ• ğ•Ÿâ€™ğ•¥ ğ•’ğ•Ÿğ•¤ğ•¨ğ•–ğ•£ ğ”»ğ•„ğ•¤,,False,2021-11-07T15:11:17+00:00,4806,2081,23968,32692,8,798,â„•ğ•¦ğ•Ÿğ•ªğ•’,False,http://allmylinks.com/jessmcmxci,https://t.co/nxKdy145Pk,https://pbs.twimg.com/profile_images/1557554334858182656/lmdOSMFi_normal.jpg,https://pbs.twimg.com/profile_banners/1457364978135142400/1654733306,https://twitter.com/jessmcmxci
13,snscrape.modules.twitter.Tweet,https://twitter.com/shusenior2003/status/1562252449712308224,2022-08-24 01:36:23+00:00,iPhone 11â€™s fate is looking bad once again @ the bottom of the 7th!  Come on Rodriguez!  #Mets #LGM ğŸ§¡ğŸ’™ğŸ¤,iPhone 11â€™s fate is looking bad once again @ the bottom of the 7th!  Come on Rodriguez!  #Mets #LGM ğŸ§¡ğŸ’™ğŸ¤,1562252449712308224,"{'_type': 'snscrape.modules.twitter.User', 'username': 'shusenior2003', 'id': 50480211, 'displayname': 'Toni-Ann', 'description': 'sister, daughter, friend, dog mom, Mets fan, moonlights as a project accountant. funny sarcastic crazy lazy hyper romantic single. my 1 year plan is flawless!', 'rawDescription': 'sister, daughter, friend, dog mom, Mets fan, moonlights as a project accountant. funny sarcastic crazy lazy hyper romantic single. my 1 year plan is flawless!', 'descriptionUrls': None, 'verified': False, 'created': '2009-06-24T23:32:40+00:00', 'followersCount': 667, 'friendsCount': 728, 'statusesCount': 19973, 'favouritesCount': 342882, 'listedCount': 3, 'mediaCount': 492, 'location': '', 'protected': False, 'linkUrl': None, 'linkTcourl': None, 'profileImageUrl': 'https://pbs.twimg.com/profile_images/1369312190705045511/KKfHsbLH_normal.jpg', 'profileBannerUrl': 'https://pbs.twimg.com/profile_banners/50480211/1505484815', 'url': 'https://twitter.com/shusenior2003'}",1,0,1,0,1562252449712308224,en,Twitter for iPhone,http://twitter.com/download/iphone,Twitter for iPhone,,,,,,,,,,,"['Mets', 'LGM']",,iPhone 11â€™s fate is looking bad once again  the bottom of the 7th!  Come on Rodriguez!  #Mets #LGM ğŸ§¡ğŸ’™,iPhone 11â€™s fate is looking bad once again  the bottom of the 7th!  Come on Rodriguez!  #Mets #LGM ğŸ§¡ğŸ’™,0.7568,0.6666666666666666,shusenior2003,[],iphone,2022-08-24 01:36:23+00:00,shusenior2003,50480211,Toni-Ann,"sister, daughter, friend, dog mom, Mets fan, moonlights as a project accountant. funny sarcastic crazy lazy hyper romantic single. my 1 year plan is flawless!","sister, daughter, friend, dog mom, Mets fan, moonlights as a project accountant. funny sarcastic crazy lazy hyper romantic single. my 1 year plan is flawless!",,False,2009-06-24T23:32:40+00:00,667,728,19973,342882,3,492,,False,,,https://pbs.twimg.com/profile_images/1369312190705045511/KKfHsbLH_normal.jpg,https://pbs.twimg.com/profile_banners/50480211/1505484815,https://twitter.com/shusenior2003
14,snscrape.modules.twitter.Tweet,https://twitter.com/kaennma/status/1562248746238464000,2022-08-24 01:21:40+00:00,@countyboytay1k @SheNastyyAsf @Goldenhoneylocs if u got an iPhone why is the quality so bad,@countyboytay1k @SheNastyyAsf @Goldenhoneylocs if u got an iPhone why is the quality so bad,1562248746238464000,"{'_type': 'snscrape.modules.twitter.User', 'username': 'kaennma', 'id': 1472793134711119872, 'displayname': 'Kae', 'description': 'nah u probably here from a reply lol', 'rawDescription': 'nah u probably here from a reply lol', 'descriptionUrls': None, 'verified': False, 'created': '2021-12-20T04:57:10+00:00', 'followersCount': 2, 'friendsCount': 6, 'statusesCount': 126, 'favouritesCount': 310, 'listedCount': 0, 'mediaCount': 6, 'location': 'burner acc', 'protected': False, 'linkUrl': None, 'linkTcourl': None, 'profileImageUrl': 'https://pbs.twimg.com/profile_images/1562251350938894336/K8HCXWWR_normal.jpg', 'profileBannerUrl': 'https://pbs.twimg.com/profile_banners/1472793134711119872/1661304630', 'url': 'https://twitter.com/kaennma'}",1,0,0,0,1520779817339207681,en,Twitter for Android,http://twitter.com/download/android,Twitter for Android,,,,,,1.5208055716954153e+18,"{'_type': 'snscrape.modules.twitter.User', 'username': 'countyboytay1k', 'id': 1465268749607522307, 'displayname': 'nolimt.tay', 'description': None, 'rawDescription': None, 'descriptionUrls': None, 'verified': None, 'created': None, 'followersCount': None, 'friendsCount': None, 'statusesCount': None, 'favouritesCount': None, 'listedCount': None, 'mediaCount': None, 'location': None, 'protected': None, 'linkUrl': None, 'linkTcourl': None, 'profileImageUrl': None, 'profileBannerUrl': None, 'url': 'https://twitter.com/countyboytay1k'}","[{'_type': 'snscrape.modules.twitter.User', 'username': 'countyboytay1k', 'id': 1465268749607522307, 'displayname': 'nolimt.tay', 'description': None, 'rawDescription': None, 'descriptionUrls': None, 'verified': None, 'created': None, 'followersCount': None, 'friendsCount': None, 'statusesCount': None, 'favouritesCount': None, 'listedCount': None, 'mediaCount': None, 'location': None, 'protected': None, 'linkUrl': None, 'linkTcourl': None, 'profileImageUrl': None, 'profileBannerUrl': None, 'url': 'https://twitter.com/countyboytay1k'}, {'_type': 'snscrape.modules.twitter.User', 'username': 'SheNastyyAsf', 'id': 1438539130938576897, 'displayname': 'This Page Is Addictive ğŸ§¸âš ï¸', 'description': None, 'rawDescription': None, 'descriptionUrls': None, 'verified': None, 'created': None, 'followersCount': None, 'friendsCount': None, 'statusesCount': None, 'favouritesCount': None, 'listedCount': None, 'mediaCount': None, 'location': None, 'protected': None, 'linkUrl': None, 'linkTcourl': None, 'profileImageUrl': None, 'profileBannerUrl': None, 'url': 'https://twitter.com/SheNastyyAsf'}, {'_type': 'snscrape.modules.twitter.User', 'username': 'Goldenhoneylocs', 'id': 1472947637124931592, 'displayname': 'ğŸ¼ğ’¢ğ‘œğ“ğ’¹ğ‘’ğ“ƒğ“ğ‘œğ’¸ğ“ˆğŸ¼', 'description': None, 'rawDescription': None, 'descriptionUrls': None, 'verified': None, 'created': None, 'followersCount': None, 'friendsCount': None, 'statusesCount': None, 'favouritesCount': None, 'listedCount': None, 'mediaCount': None, 'location': None, 'protected': None, 'linkUrl': None, 'linkTcourl': None, 'profileImageUrl': None, 'profileBannerUrl': None, 'url': 'https://twitter.com/Goldenhoneylocs'}]",,,[],,   if u got an iPhone why is the quality so ba,if u got an iPhone why is the quality so ba,0.0,0.0,kaennma,"['countyboytay1k', 'SheNastyyAsf', 'Goldenhoneylocs']",iphone,2022-08-24 01:21:40+00:00,kaennma,1472793134711119872,Kae,nah u probably here from a reply lol,nah u probably here from a reply lol,,False,2021-12-20T04:57:10+00:00,2,6,126,310,0,6,burner acc,False,,,https://pbs.twimg.com/profile_images/1562251350938894336/K8HCXWWR_normal.jpg,https://pbs.twimg.com/profile_banners/1472793134711119872/1661304630,https://twitter.com/kaennma
15,snscrape.modules.twitter.Tweet,https://twitter.com/humblecore/status/1562242799592001536,2022-08-24 00:58:03+00:00,"@alyssakeiko lol, yes! One of the many podcasts I listen to said that she could be included in that viral tweet about Dakota Johnson where some actors just have faces that know what an iPhone is, and I fully agree. Itâ€™s not a bad thing per se, it just doesnâ€™t work here.","@alyssakeiko lol, yes! One of the many podcasts I listen to said that she could be included in that viral tweet about Dakota Johnson where some actors just have faces that know what an iPhone is, and I fully agree. Itâ€™s not a bad thing per se, it just doesnâ€™t work here.",1562242799592001536,"{'_type': 'snscrape.modules.twitter.User', 'username': 'humblecore', 'id': 48958806, 'displayname': 'Malice Walker', 'description': 'Distinguished, professional, and militant. Occasionally saying stuff on @twocentsplustax.', 'rawDescription': 'Distinguished, professional, and militant. Occasionally saying stuff on @twocentsplustax.', 'descriptionUrls': None, 'verified': False, 'created': '2009-06-20T08:09:16+00:00', 'followersCount': 2554, 'friendsCount': 2270, 'statusesCount': 94631, 'favouritesCount': 152455, 'listedCount': 38, 'mediaCount': 1720, 'location': 'Knee-deep in teen sludge', 'protected': False, 'linkUrl': 'https://gofund.me/8caeffc7', 'linkTcourl': 'https://t.co/CzRefxzYB1', 'profileImageUrl': 'https://pbs.twimg.com/profile_images/698995917756592128/uPwHVRLW_normal.jpg', 'profileBannerUrl': 'https://pbs.twimg.com/profile_banners/48958806/1617739450', 'url': 'https://twitter.com/humblecore'}",0,0,2,0,1562231154161455104,en,Twitter for iPhone,http://twitter.com/download/iphone,Twitter for iPhone,,,,,,1.562240538790822e+18,"{'_type': 'snscrape.modules.twitter.User', 'username': 'alyssakeiko', 'id': 2437472689, 'displayname': 'alyssa, the softball enjoyer,', 'description': None, 'rawDescription': None, 'descriptionUrls': None, 'verified': None, 'created': None, 'followersCount': None, 'friendsCount': None, 'statusesCount': None, 'favouritesCount': None, 'listedCount': None, 'mediaCount': None, 'location': None, 'protected': None, 'linkUrl': None, 'linkTcourl': None, 'profileImageUrl': None, 'profileBannerUrl': None, 'url': 'https://twitter.com/alyssakeiko'}","[{'_type': 'snscrape.modules.twitter.User', 'username': 'alyssakeiko', 'id': 2437472689, 'displayname': 'alyssa, the softball enjoyer,', 'description': None, 'rawDescription': None, 'descriptionUrls': None, 'verified': None, 'created': None, 'followersCount': None, 'friendsCount': None, 'statusesCount': None, 'favouritesCount': None, 'listedCount': None, 'mediaCount': None, 'location': None, 'protected': None, 'linkUrl': None, 'linkTcourl': None, 'profileImageUrl': None, 'profileBannerUrl': None, 'url': 'https://twitter.com/alyssakeiko'}]",,,[],," lol, yes! One of the many podcasts I listen to said that she could be included in that viral tweet about Dakota Johnson where some actors just have faces that know what an iPhone is, and I fully agree. Itâ€™s not a bad thing per se, it just doesnâ€™t work here","lol, yes! One of the many podcasts I listen to said that she could be included in that viral tweet about Dakota Johnson where some actors just have faces that know what an iPhone is, and I fully agree. Itâ€™s not a bad thing per se, it just doesnâ€™t work here",0.8869,0.6222222222222222,humblecore,['alyssakeiko'],iphone,2022-08-24 00:58:03+00:00,humblecore,48958806,Malice Walker,"Distinguished, professional, and militant. Occasionally saying stuff on @twocentsplustax.","Distinguished, professional, and militant. Occasionally saying stuff on @twocentsplustax.",,False,2009-06-20T08:09:16+00:00,2554,2270,94631,152455,38,1720,Knee-deep in teen sludge,False,https://gofund.me/8caeffc7,https://t.co/CzRefxzYB1,https://pbs.twimg.com/profile_images/698995917756592128/uPwHVRLW_normal.jpg,https://pbs.twimg.com/profile_banners/48958806/1617739450,https://twitter.com/humblecore
16,snscrape.modules.twitter.Tweet,https://twitter.com/anohene1/status/1562235082437443585,2022-08-24 00:27:23+00:00,"Now I'm convinced aside @MTNGhana, @SamsungMobile is also not doing something right. How can network be so bad for me then someone pulled his iPhone 11 Pro and is getting 40mbps? Same location, same network? Ei.","Now I'm convinced aside @MTNGhana, @SamsungMobile is also not doing something right. How can network be so bad for me then someone pulled his iPhone 11 Pro and is getting 40mbps? Same location, same network? Ei.",1562235082437443585,"{'_type': 'snscrape.modules.twitter.User', 'username': 'anohene1', 'id': 1115361216946417669, 'displayname': 'hecker', 'description': 'Limited Chairman.', 'rawDescription': 'Limited Chairman.', 'descriptionUrls': None, 'verified': False, 'created': '2019-04-08T21:10:11+00:00', 'followersCount': 2032, 'friendsCount': 2619, 'statusesCount': 13578, 'favouritesCount': 74247, 'listedCount': 0, 'mediaCount': 309, 'location': '', 'protected': False, 'linkUrl': 'https://anohene1.github.io', 'linkTcourl': 'https://t.co/1oMlNpskdW', 'profileImageUrl': 'https://pbs.twimg.com/profile_images/1476564746157572102/BouxYxck_normal.jpg', 'profileBannerUrl': 'https://pbs.twimg.com/profile_banners/1115361216946417669/1563309222', 'url': 'https://twitter.com/anohene1'}",1,0,0,0,1562235082437443585,en,Twitter for Android,http://twitter.com/download/android,Twitter for Android,,,,,,,,"[{'_type': 'snscrape.modules.twitter.User', 'username': 'MTNGhana', 'id': 226493139, 'displayname': 'MTN Ghana', 'description': None, 'rawDescription': None, 'descriptionUrls': None, 'verified': None, 'created': None, 'followersCount': None, 'friendsCount': None, 'statusesCount': None, 'favouritesCount': None, 'listedCount': None, 'mediaCount': None, 'location': None, 'protected': None, 'linkUrl': None, 'linkTcourl': None, 'profileImageUrl': None, 'profileBannerUrl': None, 'url': 'https://twitter.com/MTNGhana'}, {'_type': 'snscrape.modules.twitter.User', 'username': 'SamsungMobile', 'id': 297169759, 'displayname': 'Samsung Mobile', 'description': None, 'rawDescription': None, 'descriptionUrls': None, 'verified': None, 'created': None, 'followersCount': None, 'friendsCount': None, 'statusesCount': None, 'favouritesCount': None, 'listedCount': None, 'mediaCount': None, 'location': None, 'protected': None, 'linkUrl': None, 'linkTcourl': None, 'profileImageUrl': None, 'profileBannerUrl': None, 'url': 'https://twitter.com/SamsungMobile'}]",,,[],,"Now I'm convinced aside ,  is also not doing something right. How can network be so bad for me then someone pulled his iPhone 11 Pro and is getting 40mbps? Same location, same network? Ei","Now I'm convinced aside ,  is also not doing something right. How can network be so bad for me then someone pulled his iPhone 11 Pro and is getting 40mbps? Same location, same network? Ei",-0.4856,0.3630952380952381,anohene1,"['MTNGhana', 'SamsungMobile']",iphone,2022-08-24 00:27:23+00:00,anohene1,1115361216946417669,hecker,Limited Chairman.,Limited Chairman.,,False,2019-04-08T21:10:11+00:00,2032,2619,13578,74247,0,309,,False,https://anohene1.github.io,https://t.co/1oMlNpskdW,https://pbs.twimg.com/profile_images/1476564746157572102/BouxYxck_normal.jpg,https://pbs.twimg.com/profile_banners/1115361216946417669/1563309222,https://twitter.com/anohene1
